18482,2023-11-20,
25851,,2023-11-21
870714,2023-11-25,2023-11-26
22657,2023-11-25,2023-11-26
507987,2023-11-25,2023-11-26
27825,2023-11-25,2023-11-26
25831,2023-11-25,2023-11-26
00000,2023-11-25,2023-11-26
113632,2023-11-25,2023-11-26
28601,2023-11-25,2023-11-26
112823,2023-11-25,2023-11-26
28498,2023-11-25,2023-11-26
4265160,2023-11-25,2023-11-26
4265160,2023-11-25,2023-11-26
113876,2023-11-25,2023-11-26
28639,2023-11-25,2023-11-26
6513896,2023-11-25,2023-11-26
26848,2023-11-25,2023-11-26
161546,2023-11-25,2023-11-26
113551,2023-11-25,2023-11-26
37256,2023-11-25,2023-11-26
5394407,2023-11-25,2023-11-26
126185,2023-11-25,2023-11-26
6432028,2023-11-25,2023-11-26
893968,2023-11-25,2023-11-26